year,week,"Revenue Per Week"
2025,47,1034.50000000
2025,48,489.00000000
2025,49,115.50000000
2025,50,135.50000000
2025,51,335.00000000
2025,52,254.00000000
2026,0,92.00000000
2026,1,358.50000000
2026,2,295.00000000
2026,3,163.50000000
2026,4,151.00000000
2026,5,125.00000000
2026,6,24.00000000
